,text,label
0,"Знание основных концепций языка Python, включая синтаксис, структуры данных, типы данных и управляющие конструкции.",1
1,"Опыт работы с основными библиотеками Python, такими как NumPy, Pandas, Matplotlib (для анализа данных), Flask или Django (для веб-разработки), и другими зависимости от специфики проекта.",1
2,Умение писать эффективный и читаемый код с использованием принципов объектно-ориентированного программирования (ООП) и функционального программирования (ФП).,1
3,"Понимание принципов работы и опыт использования баз данных, таких как SQL (например, PostgreSQL, MySQL) и/или NoSQL (например, MongoDB).",1
4,Умение работать с внешними API и библиотеками для интеграции с другими сервисами.,1
5,Опыт разработки и поддержки масштабируемых и безопасных веб-приложений.,1
6,"Знание инструментов для управления версиями кода, таких как Git, и опыт работы в командной строке.",1
7,"Умение писать модульные тесты для своего кода и опыт работы с инструментами тестирования, такими как pytest.",1
8,"Понимание основных принципов алгоритмов и структур данных, необходимых для эффективного решения задач.",1
9,"Коммуникативные навыки и умение работать в команде, а также способность обучать и обучаться новым технологиям и методологиям разработки.",1
10,Опыт работы с языком C# и платформой .NET.,1
11,Понимание основ объектно-ориентированного программирования (ООП).,1
12,Знание структур данных и алгоритмов.,1
13,"Опыт работы с базами данных, такими как SQL Server или MySQL.",1
14,Умение разрабатывать и поддерживать многопоточные приложения.,1
15,Знание основных паттернов проектирования.,1
16,"Опыт работы с различными инструментами разработки, такими как Visual Studio, ReSharper и т. д.",1
17,Понимание принципов разработки GUI приложений с использованием WPF или WinForms.,1
18,"Умение работать с веб-технологиями, такими как ASP.NET, ASP.NET Core, HTML, CSS, JavaScript.",1
19,"Хорошее понимание принципов версионирования кода с использованием систем контроля версий, таких как Git.",1
20,Способность эффективно работать в команде разработчиков и обмениваться знаниями.,1
21,Умение понимать и анализировать требования к программному обеспечению.,1
22,Хорошие коммуникативные навыки для взаимодействия с другими членами команды и заказчиками.,1
23,"Стремление к обучению и постоянному развитию, умение адаптироваться к новым технологиям и требованиям рынка.",1
24,"Глубокое понимание языка C++ и его особенностей, включая управление памятью, многопоточное программирование, шаблоны и т. д.",1
25,Опыт работы с различными структурами данных и алгоритмами.,1
26,Знание принципов объектно-ориентированного программирования (ООП) и умение применять их на практике.,1
27,"Опыт работы с разработкой кроссплатформенных приложений (например, с использованием фреймворков Qt или Boost).",1
28,Умение оптимизировать производительность кода и работать с низкоуровневыми аспектами языка C++.,1
29,Знание стандартных библиотек C++ (STL) и их применение в разработке.,1
30,"Опыт работы с системами управления версиями, такими как Git или SVN.",1
31,"Понимание принципов и методов тестирования кода (unit-тестирование, интеграционное тестирование и т. д.).",1
32,Умение разрабатывать и поддерживать высоконагруженные системы.,1
33,Опыт работы с многопоточным программированием и синхронизацией потоков.,1
34,Хорошее понимание принципов архитектуры ПО и паттернов проектирования.,1
35,"Умение работать в команде разработчиков, эффективно коммуницировать и обмениваться знаниями.",1
36,Способность анализировать и понимать требования к программному обеспечению и предлагать эффективные решения.,1
37,"Стремление к обучению и постоянному развитию, адаптивность к изменениям в технологической сфере.",1
38,"Знание основ JavaScript: переменные, типы данных, операторы, условные выражения, циклы и функции.",1
39,Опыт работы с DOM (Document Object Model) для взаимодействия с элементами HTML страницы.,1
40,"Понимание асинхронного программирования и работы с колбэками, промисами или async/await.",1
41,Знание основных структур данных и алгоритмов.,1
42,"Опыт работы с библиотеками и фреймворками, такими как React.js, Angular.js или Vue.js (в зависимости от требований проекта).",1
43,Умение работать с AJAX и RESTful API для взаимодействия с сервером.,1
44,"Опыт работы с системами контроля версий, такими как Git.",1
45,"Знание современных стандартов JavaScript (ES и выше) и возможностей, включая стрелочные функции, деструктуризацию, шаблонные строки и т. д.",1
46,Понимание принципов объектно-ориентированного программирования (ООП) и паттернов проектирования.,1
47,"Умение тестировать код с помощью фреймворков для тестирования, таких как Jest, Mocha или Jasmine.",1
48,Умение оптимизировать производительность приложений и устранять утечки памяти.,1
49,Хорошие навыки коммуникации и умение работать в команде.,1
50,Ответственность и способность к самостоятельному обучению новым технологиям и инструментам.,1
51,"Опыт работы с инструментами разработки, такими как Webpack, Babel или ESLint.",1
52,"Знание основных концепций языка C, включая структуры данных, указатели, массивы, функции и управляющие конструкции.",1
53,"Опыт работы с компиляторами C, такими как GCC, Clang или Visual C++.",1
54,Умение писать эффективный и оптимизированный код на языке C.,1
55,Понимание многопоточности и параллельного программирования в контексте C (если требуется).,1
56,Опыт работы с отладчиками и инструментами профилирования для оптимизации производительности кода.,1
57,Знание стандартной библиотеки языка C (libc) и ее функций.,1
58,Умение работать с операционными системами через системные вызовы и библиотеки.,1
59,Понимание основных принципов безопасности программирования на языке C для предотвращения уязвимостей и ошибок.,1
60,Знание принципов и методов отладки и тестирования программного обеспечения на языке C.,1
61,"Умение работать с низкоуровневыми аспектами, такими как управление памятью и портами ввода-вывода.",1
62,"Знание синтаксиса Pascal: программист должен быть знаком с основными конструкциями языка, такими как операторы присваивания, условные операторы (if-then-else), циклы (for, while), процедуры и функции, а также работа с массивами и записями.",1
63,"Опыт работы с IDE: умение использовать интегрированную среду разработки (IDE), такую как Lazarus или Turbo Pascal, для создания, отладки и компиляции программ на Pascal.",1
64,"Понимание основных алгоритмов и структур данных: программист должен иметь представление о базовых алгоритмах сортировки, поиска и обхода графов, а также о структурах данных, таких как массивы, списки, стеки и очереди.",1
65,"Умение разрабатывать и отлаживать программы: способность разрабатывать программы с нуля, умение понимать и исправлять ошибки (debugging), а также оптимизировать код для повышения производительности.",1
66,"Знание принципов модульной разработки: понимание принципов модульной организации кода, разделение программы на логические блоки (модули, процедуры, функции) для упрощения поддержки и повторного использования кода.",1
67,"Опыт работы с файловым вводом/выводом: умение работать с файлами для чтения и записи данных, а также обработки текстовых и бинарных файлов.",1
68,"Знание основных принципов объектно-ориентированного программирования (ООП): понимание концепций ООП, таких как инкапсуляция, наследование и полиморфизм, и их применение при разработке программ на Pascal.",1
69,"Умение работать в команде: способность эффективно коммуницировать и сотрудничать с другими членами команды разработки, умение понимать и адаптироваться к требованиям проекта.",1
70,"Английский язык: хороший уровень английского языка для работы с документацией, стеком технологий и коммуникации с международными коллегами, если это необходимо.",1
71,"Способность к обучению и самообучению: готовность постоянно совершенствовать свои навыки, изучать новые технологии и методики программирования, следить за развитием индустрии и применять новые знания на практике",1
72,Ищем опытного разработчика со знанием Python для работы над веб-проектами.,0
73,Требуется Full-stack разработчик с опытом работы с базами данных.,0
74,Команда ищет Backend разработчика для оптимизации серверной части проекта.,0
75,Ищем JavaScript разработчика для работы с современными фреймворками.,0
76,Вакансия Data Scientist с опытом работы над аналитическими проектами.,0
77,Требуется опытный Security разработчик для обеспечения безопасности проектов.,0
78,Команда ищет Embedded разработчика для работы над встроенными системами.,0
79,Ищем Python разработчика с опытом работы над масштабируемыми проектами.,0
80,Вакансия AI инженера с опытом работы над искусственным интеллектом.,0
81,Команда ищет Big Data разработчика для работы с большими объемами данных.,0
82,Требуется опытный ERP разработчик для автоматизации бизнес-процессов.,0
83,Ищем Scala разработчика с опытом работы над функциональными проектами.,0
84,Вакансия VR/AR разработчика с опытом работы над виртуальной и дополненной реальностью.,0
85,Команда ищет Network разработчика для работы с сетевой инфраструктурой.,0
86,Ищем Web разработчика для работы над веб-проектами.,0
87,Требуется опытный GUI разработчик для создания графических интерфейсов.,0
88,Ищем Kotlin разработчика с опытом работы над Android приложениями.,0
89,Вакансия IoT разработчика с опытом работы над интернетом вещей.,0
90,Команда ищет Software разработчика для создания программного обеспечения.,0
91,Ищем Rust разработчика с опытом работы над надежным и быстрым кодом.,0
92,Требуется опытный Backend разработчик для работы с микросервисной архитектурой.,0
93,Ищем PHP разработчика с опытом работы над крупными веб-проектами.,0
94,Вакансия Xamarin разработчика с опытом работы над кросс-платформенными приложениями.,0
95,Команда ищет Mobile разработчика для создания мобильных приложений.,0
96,Ищем TypeScript разработчика с опытом работы с современными веб-технологиями.,0
97,Требуется опытный Frontend разработчик для создания пользовательских интерфейсов.,0
98,Java-разработчик для работы над веб-приложениями.,0
99,Full-stack разработчик для создания и поддержки корпоративных систем.,0
100,iOS-разработчик для разработки мобильных приложений.,0
101,DevOps инженер для автоматизации процессов разработки и развертывания.,0
102,Python-разработчик для работы над аналитическими инструментами.,0
103,Frontend-разработчик с опытом работы с фреймворками Vue.js или React.,0
104,QA инженер для тестирования веб-приложений и API.,0
105,Аналитик данных с навыками программирования на Python и SQL.,0
106,Backend-разработчик для работы над API и микросервисами.,0
107,UI/UX дизайнер для создания привлекательного и удобного интерфейса.,0
108,Специалист по информационной безопасности для обеспечения защиты данных.,0
109,JavaScript-разработчик для разработки интерактивных пользовательских интерфейсов.,0
110,Архитектор программного обеспечения для разработки системы высокой надежности.,0
111,Data Engineer для работы с большими объемами данных.,0
112,Специалист по машинному обучению для разработки алгоритмов прогнозирования.,0
113,Android-разработчик для создания мобильных приложений на платформе Android.,0
114,"Cloud Engineer для работы с облачными сервисами AWS, Azure или Google Cloud.",0
115,Системный аналитик для анализа требований и разработки спецификаций.,0
116,Разработчик игровых приложений для мобильных устройств.,0
117,Компьютерный график для разработки визуальных эффектов и анимации.,0
118,Специалист по базам данных для оптимизации запросов и хранения данных.,0
119,Blockchain разработчик для работы с цифровыми валютами и смарт-контрактами.,0
120,Специалист по автоматизации тестирования для создания автотестов.,0
121,Embedded разработчик для работы с микроконтроллерами и встроенными системами.,0
122,Web-дизайнер для создания уникальных и креативных дизайнерских концепций.,0
123,DevSecOps инженер для интеграции безопасности в процессы разработки и развертывания.,0
124,Специалист по оптимизации производительности приложений для улучшения скорости работы.,0
125,Разработчик машинного зрения для создания систем распознавания объектов и лиц.,0
126,Специалист по технической поддержке для работы с пользователями и решения их проблем.,0
127,PHP-разработчик для разработки веб-приложений на языке PHP.,0
128,Data Scientist для анализа данных и разработки статистических моделей.,0
129,Архитектор облачных решений для разработки распределенных систем.,0
130,Инженер по сопровождению и администрированию серверов и сетей.,0
131,Специалист по машинному переводу для разработки систем автоматического перевода текстов.,0
132,Ruby-разработчик для работы над веб-приложениями на Ruby on Rails.,0
133,Специалист по разработке компьютерных игр для создания игровых механик и сценариев.,0
134,Аналитик по Big Data для анализа и интерпретации данных большого объема.,0
135,Специалист по тестированию безопасности для поиска и устранения уязвимостей.,0
136,Разработчик мобильных игр для создания игрового движка и механики игры.,0
137,Специалист по обработке естественного языка для разработки алгоритмов анализа текстов.,0
138,Scala-разработчик для работы над высоконагруженными системами.,0
139,Специалист по веб-аналитике для сбора и анализа данных о поведении пользователей.,0
140,Unity-разработчик для создания кросс-платформенных игр.,0
141,Специалист по внедрению и поддержке систем управления контентом.,0
142,Архитектор Интернета вещей для разработки систем умного дома и города.,0
143,Специалист по разработке интерфейсов для создания пользовательских интерфейсов.,0
144,Scala-разработчик для работы с функциональным программированием.,0
145,Специалист по автоматизации бизнес-процессов для оптимизации рабочих потоков.,0
146,JavaScript-разработчик для создания динамических веб-приложений.,0
147,Специалист по анализу данных для выявления трендов и паттернов в данных.,0
148,Вакансия разработчика игр для создания мультиплеерных игровых сред.,0
149,Специалист по анализу текста для обработки и классификации текстовых данных.,0
150,"Специалист по информационной безопасности: Компания ВАР - лидер в области кибербезопасности, обеспечивает защиту данных для крупных корпораций.",0
151,JavaScript-разработчик: Компания ГЫД - специализируется на разработке динамических веб-приложений с использованием современных технологий.,0
152,Архитектор программного обеспечения: Компания ЛОП - создает системы высокой надежности и масштабируемости для критически важных приложений.,0
153,Data Engineer: Компания ФРИ - разрабатывает решения для обработки и анализа больших объемов данных с использованием передовых технологий.,0
154,Специалист по машинному обучению: Компания МАК - работает над разработкой алгоритмов машинного обучения для автоматизации бизнес-процессов.,0
155,Android-разработчик: Компания ПЛА - занимается разработкой инновационных мобильных приложений для устройств на платформе Android.,0
156,"Cloud Engineer: Компания РОК - эксперт в области облачных технологий, предоставляет решения для эффективного управления инфраструктурой.",0
157,Системный аналитик: Компания ЙОУ - специализируется на анализе требований и разработке спецификаций для различных IT-проектов.,0
158,Разработчик игровых приложений: Компания ЗИП - создает захватывающие игровые механики и сценарии для мобильных устройств.,0
159,Компьютерный график: Компания ШУМ - разрабатывает визуальные эффекты и анимацию для фильмов и игровых проектов.,0
160,JavaScript-разработчик: Компания ГЫД - специализируется на разработке динамических веб-приложений с использованием современных технологий.,0
161,Архитектор программного обеспечения: Компания ЛОП - создает системы высокой надежности и масштабируемости для критически важных приложений.,0
162,Data Engineer: Компания ФРИ - разрабатывает решения для обработки и анализа больших объемов данных с использованием передовых технологий.,0
163,Специалист по машинному обучению: Компания МАК - работает над разработкой алгоритмов машинного обучения для автоматизации бизнес-процессов.,0
164,Android-разработчик: Компания ПЛА - занимается разработкой инновационных мобильных приложений для устройств на платформе Android.,0
165,"Cloud Engineer: Компания РОК - эксперт в области облачных технологий, предоставляет решения для эффективного управления инфраструктурой.",0
166,Разработчик игровых приложений: Компания ЗИП - создает захватывающие игровые механики и сценарии для мобильных устройств.,0
167,Компьютерный график: Компания ШУМ - разрабатывает визуальные эффекты и анимацию для фильмов и игровых проектов.,0
168,Специалист по базам данных: Компания ТУТ - эксперт в оптимизации запросов и управлении данными для крупных информационных систем.,0
169,Blockchain разработчик: Компания ДИГ - специализируется на создании распределенных приложений и смарт-контрактов.,0
170,Специалист по автоматизации тестирования: Компания ВАВ - разрабатывает и внедряет автоматические тесты для обеспечения качества программного обеспечения.,0
171,Embedded разработчик: Компания ЛУК - занимается разработкой встроенных систем и микроконтроллеров для различных устройств.,0
172,Web-дизайнер: Компания СОЛ - создает привлекательные и функциональные веб-сайты для различных клиентов.,0
173,DevSecOps инженер: Компания ПУК - интегрирует меры безопасности в процессы разработки и развертывания программного обеспечения.,0
174,Специалист по оптимизации производительности приложений: Компания ГАГ - улучшает скорость и эффективность работы приложений.,0
175,Разработчик машинного зрения: Компания КИК - создает системы распознавания объектов и лиц на основе машинного обучения.,0
176,Специалист по технической поддержке: Компания ВАР - обеспечивает качественную поддержку пользователей и решает их проблемы с использованием технических знаний.,0
177,PHP-разработчик: Компания ЛАЛ - занимается разработкой веб-приложений на языке программирования PHP.,0
178,Data Scientist: Компания ЦИП - анализирует данные и разрабатывает статистические модели для выявления закономерностей и трендов.,0
179,Архитектор облачных решений: Компания ТОК - разрабатывает инфраструктуру для облачных сервисов и приложений.,0
180,Инженер по сопровождению и администрированию серверов и сетей: Компания РОП - обеспечивает надежное функционирование серверов и сетевых устройств.,0
181,Специалист по машинному переводу: Компания ПАП - разрабатывает системы автоматического перевода текстов на разные языки.,0
182,Ruby-разработчик: Компания СУК - занимается разработкой веб-приложений на основе фреймворка Ruby on Rails.,0
183,Специалист по разработке компьютерных игр: Компания ФУК - создает игровые механики и сценарии для компьютерных игр.,0
184,Аналитик по Big Data: Компания ЛИП - анализирует и обрабатывает данные большого объема для выявления важных трендов и паттернов.,0
185,Специалист по тестированию безопасности: Компания МУК - занимается поиском и установкой программного обеспечения,0
186," ""Опыт работы с определенным языком программирования (например, Python, Java, C++, JavaScript)."";",1
187," ""Знание основных алгоритмов и структур данных."";",1
188," ""Опыт работы с разработкой веб-приложений и фреймворками (например, Django, Flask, React, Angular)."";",1
189," ""Умение работать с базами данных (SQL, NoSQL)."";",1
190," ""Опыт работы с системами контроля версий (например, Git, SVN)."";",1
191," ""Умение разрабатывать и оптимизировать алгоритмы и код."";",1
192," ""Понимание принципов объектно-ориентированного программирования."";",1
193," ""Опыт работы с различными операционными системами (Windows, Linux, macOS)."";",1
194," ""Знание основных принципов разработки мобильных приложений."";",1
195," ""Опыт работы с различными инструментами и IDE (например, Visual Studio, IntelliJ IDEA, Eclipse)."";",1
196," ""Умение работать в команде и хорошие коммуникативные навыки."";",1
197," ""Опыт работы с облачными сервисами (например, AWS, Azure, Google Cloud)."";",1
198," ""Знание принципов функционального программирования."";",1
199," ""Опыт работы с микросервисной архитектурой и контейнеризацией (например, Docker, Kubernetes)."";",1
200," ""Понимание основ криптографии и безопасности веб-приложений."";",1
201," ""Опыт работы с системами управления проектами (например, JIRA, Trello)."";",1
202," ""Знание основных принципов разработки игр."";",1
203," ""Опыт работы с сетевыми протоколами и архитектурой (например, TCP/IP, HTTP)."";",1
204," ""Умение писать чистый, модульный и масштабируемый код."";",1
205," ""Опыт работы с аналитикой данных и машинным обучением."";",1
206," ""Знание основных принципов разработки мобильных и адаптивных веб-интерфейсов."";",1
207," ""Опыт работы с тестированием",1
208,"Владение языками программирования: Java, C++, Python.",1
209,"Опыт работы с различными операционными системами: Windows, Linux, macOS.",1
210,Знание алгоритмов и структур данных.,1
211,"Умение работать с базами данных: SQL, NoSQL.",1
212,"Опыт разработки веб-приложений с использованием HTML, CSS, JavaScript.",1
213,"Знание фреймворков для веб-разработки: React, Angular, Vue.js.",1
214,"Опыт работы с системами контроля версий, такими как Git.",1
215,Навыки разработки мобильных приложений для Android и iOS.,1
216,"Умение работать с сетевыми протоколами: TCP/IP, HTTP.",1
217,Знание архитектурных шаблонов проектирования.,1
218,"Опыт работы с облачными платформами, такими как AWS, Azure, Google Cloud.",1
219,"Умение писать чистый, понятный и поддерживаемый код.",1
220,Понимание принципов разработки микросервисных архитектур.,1
221,"Знание инструментов автоматизации тестирования, например, Selenium.",1
222,"Опыт работы с DevOps инструментами: Docker, Kubernetes.",1
223,Умение оптимизировать производительность приложений.,1
224,Знание принципов безопасности информации и защиты данных.,1
225,Опыт работы с машинным обучением и анализом данных.,1
226,Умение эффективно работать в команде разработчиков.,1
227,Опыт разработки игр и виртуальной реальности.,1
228,"Знание языков программирования для встроенных систем, таких как C, C++.",1
229,Опыт работы с сенсорами и устройствами интернета вещей (IoT).,1
230,Умение проводить код-ревью и давать конструктивные замечания.,1
231,Знание принципов асинхронного программирования.,1
232,Опыт работы с тестированием безопасности приложений (penetration testing).,1
233,"Умение эффективно использовать инструменты анализа кода, такие как SonarQube.",1
234,Знание основных принципов блокчейн технологий.,1
235,Опыт работы с симуляцией и моделированием систем.,1
236,Умение разрабатывать API и веб-сервисы.,1
237,Знание основ администрирования серверов и сетей.,1
238,Опыт работы с архитектурой RESTful.,1
239,"Умение эффективно использовать инструменты управления проектами, такие как Jira.",1
240,Знание основ функционального программирования.,1
241,"Опыт работы с инструментами CI/CD, такими как Jenkins, Travis CI.",1
242,Умение разрабатывать многопоточные и распределенные приложения.,1
243,Знание принципов разработки реактивных приложений.,1
244,"Опыт работы с мобильными фреймворками: Flutter, React Native.",1
245,Умение оптимизировать и настраивать базы данных.,1
246,Знание принципов тестирования программного обеспечения.,1
247,Опыт работы с анализом больших данных и инструментами их обработки.,1
248,Умение разрабатывать алгоритмы машинного обучения и нейронных сетей.,1
249,Знание основ криптографии и защиты информации.,1
250,Опыт работы с асинхронными и событийно-ориентированными архитектурами.,1
251,Умение писать техническую документацию к коду и проектам.,1
252,Знание основ функционального тестирования.,1
253,Опыт работы с анализом данных и визуализацией.,1
254,"Умение работать с системами управления проектами Agile: Scrum, Kanban.",1
255,"Знание принципов автоматизации тестирования, включая BDD и TDD.",1
256,Опыт работы с алгоритмами машинного обучения и искусственного интеллекта.,1
257,Умение эффективно коммуницировать с заказчиками и другими членами команды.,1
258,"Опыт работы с контейнеризацией и оркестрацией: Docker Swarm, Mesos.",1
259,Знание принципов функционального дизайна интерфейсов.,1
260,"Опыт работы с кроссплатформенной разработкой: Xamarin, Electron.",1
261,Умение проводить аудит кода на предмет безопасности и производительности.,1
262,Знание принципов работы и оптимизации алгоритмов сортировки и поиска.,1
263,"Опыт работы с инструментами анализа производительности: Perf, Valgrind.",1
264,Умение создавать и оптимизировать запросы к базам данных.,1
265,Знание принципов асинхронной обработки данных и событий.,1
266,"Опыт работы с инструментами мониторинга: Prometheus, Grafana.",1
267,Умение разрабатывать распределенные системы хранения данных.,1
268,Знание основ автоматического тестирования интеграции и взаимодействия.,1
269,"Опыт работы с инструментами статического анализа кода: SonarLint, ESLint.",1
270,Умение разрабатывать системы рекомендаций и персонализации.,1
271,Знание принципов оптимизации использования памяти и ресурсов.,1
272,"Опыт работы с инструментами мониторинга безопасности: Snort, Suricata.",1
273,Умение создавать и интегрировать системы автоматического бэкапа.,1
274,Знание принципов создания и использования микросервисных архитектур.,1
275,"Опыт работы с инструментами непрерывной интеграции и доставки: GitLab CI, CircleCI.",1
276,Умение разрабатывать и оптимизировать алгоритмы потоковой обработки данных.,1
277,Знание основ разработки систем реального времени и телекоммуникаций.,1
278,"Опыт работы с инструментами автоматизации деплоя: Ansible, Chef.",1
279,Умение создавать и поддерживать документацию по проекту и коду.,1
280,Знание принципов создания и использования графовых баз данных.,1
281,Опыт работы с инструментами автоматического масштабирования: Kubernetes Autoscaler.,1
282,Умение разрабатывать и оптимизировать алгоритмы компьютерного зрения.,1
283,Знание основ построения и интеграции систем машинного перевода.,1
284,"Опыт работы с инструментами контроля качества кода: CodeClimate, Codacy.",1
285,Умение создавать и настраивать системы автоматической резервной копии данных.,1
286,Знание принципов создания и использования блокчейн приложений.,1
287,"Опыт работы с инструментами анализа данных и машинного обучения: TensorFlow, PyTorch.",1
288,Умение разрабатывать и оптимизировать алгоритмы генетического программирования.,1
289,Знание основ адаптивного дизайна и разработки мобильных приложений.,1
290,Опыт работы с инструментами автоматического мониторинга логов: ELK Stack.,1
291,Умение создавать и интегрировать системы автоматического тестирования безопасности.,1
292,Знание принципов создания и использования децентрализованных приложений.,1
293,"Опыт работы с инструментами управления зависимостями: Maven, npm.",1
294,Умение разрабатывать и оптимизировать алгоритмы генетической оптимизации.,1
295,Знание основ геймификации и создания игровых механик в приложениях.,1
296,"Опыт работы с инструментами непрерывной доставки: Jenkins Pipeline, GitLab CD.",1
297,Умение создавать и интегрировать системы анализа и предсказания временных рядов.,1
298,Знание принципов создания и использования распределенных вычислений.,1
299,"Опыт работы с инструментами управления конфигурациями: Puppet, SaltStack.",1
300,Умение разрабатывать и оптимизировать алгоритмы оптимизации производства.,1
301,Знание основ интеграции и взаимодействия с голосовыми и текстовыми ассистентами.,1
302,"Опыт работы с инструментами тестирования производительности: Apache JMeter, LoadRunner.",1
303,Умение создавать и настраивать системы автоматичесной миграции данных.,1
304,Знание принципов создания и использования серверов приложений.,1
305,"Опыт работы с инструментами управления версиями данных: Liquibase, Flyway.",1
306,Умение разрабатывать и оптимизировать алгоритмы маршрутизации и планирования.,1
307,Знание основ интеграции и использования технологии распределенных реестров.,1
308,Опыт работы с инструментами автоматического тестирования интерфейсов.,1
309,Гибкий график работы.,0
310,Возможность удаленной работы.,0
311,Предоставление обучения и профессионального развития за счет компании.,0
312,Возможность работы над интересными и инновационными проектами.,0
313,Конкурентоспособная заработная плата.,0
314,Дополнительные дни отпуска или гибкий график отпусков.,0
315,Премии за достижение целей и результативность.,0
316,Бесплатные или субсидированные обеды и напитки.,0
317,Корпоративная медицинская страховка.,0
318,Гибкая система бонусов и вознаграждений.,0
319,Участие в конференциях и мероприятиях отрасли за счет компании.,0
320,Поддержка в оформлении визы или переезде для иностранных специалистов.,0
321,Программа корпоративного волонтёрства.,0
322,Возможность использования последних технологий и инструментов разработки.,0
323,Участие в хакатонах и соревнованиях по программированию.,0
324,Партнерство с ведущими технологическими компаниями.,0
325,Субсидии на спортивные и культурные мероприятия.,0
326,Компенсация расходов на обучение и профессиональную переподготовку.,0
327,Возможность работы в динамичной и дружной команде.,0
328,Гибкая система бонусов за привлечение новых сотрудников.,0
329,Оплата или частичная компенсация проезда.,0
330,Скидки на продукцию или услуги компании.,0
331,Бесплатное обучение иностранным языкам.,0
332,Возможность карьерного роста и продвижения внутри компании.,0
333,Поддержка в развитии личных проектов и инициатив.,0
334,Возможность работы в международной среде.,0
335,Содействие в размещении для сотрудников и их семей.,0
336,Гибкая система отгулов и переработок.,0
337,Поддержка в организации рабочего пространства и инструментов.,0
338,Доступ к корпоративным клубам и спортивным секциям.,0
339,Партнерские скидки и бонусы от компаний-партнеров.,0
340,Поддержка в участии в научных исследованиях и публикациях.,0
341,Гарантированное участие в инновационных проектах компании.,0
342,Содействие в оформлении квалификационных сертификатов и лицензий.,0
343,Возможность выбора собственного оборудования и рабочего места.,0
344,Гибкий подход к рабочему процессу и методологиям разработки.,0
345,Поддержка в освоении новых технологий и языков программирования.,0
346,Бесплатные курсы и тренинги для сотрудников.,0
347,Предоставление личного бюджета на профессиональное развитие.,0
348,Корпоративные мероприятия и вечеринки.,0
349,Поддержка в создании собственных проектов и стартапов.,0
350,Доступ к библиотеке профессиональной литературы и онлайн-курсам.,0
351,Возможность работы с менторами и коучами.,0
352,Поддержка в организации образовательных программ для сотрудников.,0
353,Возможность обучения за рубежом или стажировок в других компаниях.,0
354,Корпоративные скидки на жилье или аренду.,0
355,Современное и комфортабельное рабочее пространство.,0
356,Поддержка в оформлении патентов и авторских прав на разработки.,0
357,Содействие в релокации и адаптации новых сотрудников.,0
358,Возможность участия в профессиональных сообществах и ассоциациях.,0
359,"Мы ищем опытных программистов, готовых принять участие в разработке и поддержке наших программных продуктов.",0
360,"Мы приглашаем кандидатов, желающих присоединиться к нашей команде для работы над инновационными проектами.",0
361,"Наша компания открывает вакансию для программиста, который готов принять технические вызовы и решить сложные задачи разработки.",0
362,"Мы приглашаем программиста, готового к постоянному профессиональному росту и обучению.",0
363,"В нашей команде открыта вакансия для творческого и инициативного программиста, готового к реализации новых идей.",0
364,Мы ищем кандидата с опытом работы в различных областях программирования и готового к расширению своих навыков.,0
365,"Наша компания ищет программиста, способного эффективно работать в команде и достигать общих целей проекта.",0
366,Мы приглашаем кандидата с высоким уровнем самостоятельности и ответственности за результат своей работы.,0
367,"В нашей команде открыта вакансия для программиста, готового к постоянному совершенствованию своих навыков и знаний.",0
368,"Мы ищем опытного программиста, способного адаптироваться к быстро меняющимся требованиям проекта и рынка.",0
369,Наша компания приглашает кандидата с опытом работы в разработке программного обеспечения на различных языках программирования.,0
370,"Мы ищем программиста, готового к творческому подходу к решению сложных технических задач и проблем.",0
371,"В нашей команде открыта вакансия для программиста, стремящегося к постоянному профессиональному росту и саморазвитию.",0
372,Мы приглашаем кандидата с опытом работы в разработке и поддержке высоконагруженных и масштабируемых систем.,0
373,"Наша компания ищет программиста, готового к работе в динамичной и инновационной среде, постоянно внедряющей новые технологии.",0
374,"Мы ищем кандидата, способного эффективно работать как в команде, так и самостоятельно над решением сложных задач.",0
375,"В нашей команде открыта вакансия для программиста, обладающего высоким уровнем аналитического мышления и креативности.",0
376,"Мы приглашаем кандидата, готового к постоянному обучению и освоению новых технологий в области программирования.",0
377,"Наша компания ищет программиста, готового к работе в многофункциональной команде над разнообразными проектами.",0
378,Мы ищем кандидата с опытом работы в области разработки программного обеспечения и готового к решению сложных технических задач.,0
379,"В нашей команде открыта вакансия для программиста, способного к постоянному самообучению и профессиональному росту.",0
380,"Мы приглашаем кандидата, готового к постоянной адаптации к новым требованиям и технологиям в сфере программирования.",0
381,"Наша компания ищет программиста, обладающего высоким уровнем ответственности и самодисциплины в работе.",0
382,"Мы ищем кандидата, готового к постоянному обучению и развитию своих профессиональных навыков и компетенций.",0
383,"В нашей команде открыта вакансия для программиста, готового к постоянному творческому поиску новых решений и идей.",0
384,"Мы приглашаем кандидата, обладающего высоким уровнем энергии и мотивации к достижению результатов в своей работе.",0
385,"Наша компания ищет программиста, готового к постоянной коммуникации и взаимодействию с другими членами команды.",0
386,"Мы ищем кандидата, способного эффективно реагировать на изменения в требованиях проекта и оперативно находить решения.",0
387,"В нашей команде открыта вакансия для программиста, готового к постоянному развитию и совершенствованию своих навыков.",0
388,"Мы приглашаем кандидата, готового к работе в динамичной и быстроразвивающейся среде IT-индустрии.",0
389,"Наша компания ищет программиста, обладающего высоким уровнем профессионализма и ответственности за результат своей работы.",0
390,"Мы ищем кандидата, готового к постоянному совершенствованию процессов разработки и внедрения программного обеспечения.",0
391,"В нашей команде открыта вакансия для программиста, способного к эффективной организации своего рабочего времени и задач.",0
392,"Мы приглашаем кандидата, готового к постоянной поддержке и содействию своим коллегам в достижении общих целей проекта.",0
393,"Наша компания ищет программиста, обладающего высоким уровнем коммуникабельности и умением работать в коллективе.",0
394,"Мы ищем кандидата, готового к постоянной саморефлексии и анализу своей работы с целью совершенствования.",0
395,"В нашей команде открыта вакансия для программиста, готового к работе в амбициозных и перспективных проектах.",0
396,"Мы приглашаем кандидата, готового к постоянному совершенствованию своих навыков программирования и архитектурных решений.",0
397,"Наша компания ищет программиста, обладающего высоким уровнем стрессоустойчивости и способного эффективно работать в условиях дедлайнов.",0
398,"Мы ищем кандидата, готового к постоянному обучению и изучению новых технологий в области программирования.",0
399,"В нашей команде открыта вакансия для программиста, готового к активному участию в обсуждениях и принятии решений на командном уровне.",0
400,"Мы приглашаем кандидата, готового к активному участию в процессе планирования и управления проектами разработки программного обеспечения.",0
401,"Наша компания ищет программиста, обладающего высоким уровнем владения языком программирования и способного к созданию эффективного кода.",0
402,"Мы ищем кандидата, готового к постоянной саморефлексии и анализу своей работы с целью поиска оптимальных решений.",0
403,"В нашей команде открыта вакансия для программиста, готового к работе в условиях быстрого темпа развития технологий и рынка программного обеспечения.",0
404,"Мы приглашаем кандидата, готового к постоянному внедрению инновационных идей и подходов в процессе разработки программного обеспечения.",0
405,"Наша компания ищет программиста, обладающего высоким уровнем организационных навыков и способного к эффективному планированию своей работы.",0
406,"Мы ищем кандидата, готового к работе в условиях высокой конкуренции и стремящегося к постоянному улучшению своих профессиональных качеств.",0
407,"В нашей команде открыта вакансия для программиста, готового к постоянной адаптации к изменениям в требованиях проекта и технологиях.",0
408,"Мы приглашаем кандидата, готового к постоянному общению и взаимодействию с заказчиками и другими участниками проекта.",0
409,"Наша компания ищет программиста, обладающего высоким уровнем ответственности за результат своей работы и готового к решению сложных задач.",0
410,"Мы ищем кандидата, готового к постоянной самоорганизации и самоконтролю в рамках выполнения поставленных задач и целей проекта.",0
411,"В нашей команде открыта вакансия для программиста, готового к постоянному совершенствованию своих навыков и участию в профессиональных тренингах.",0
412,"Отличное владение языками программирования, такими как Java, Python, C++ и другими.",1
413,Глубокое понимание архитектуры и принципов разработки программного обеспечения.,1
414,Опыт работы с различными фреймворками и библиотеками для разработки.,1
415,"Умение эффективно использовать системы контроля версий, такие как Git.",1
416,Опыт работы с базами данных и навыки написания SQL-запросов.,1
417,Знание принципов объектно-ориентированного программирования.,1
418,Умение анализировать и оптимизировать производительность кода.,1
419,Навыки работы с операционными системами Linux/Unix.,1
420,"Опыт разработки веб-приложений с использованием HTML, CSS, JavaScript.",1
421,Умение работать в команде и эффективно общаться с коллегами.,1
422,Способность к самостоятельному изучению новых технологий и методов.,1
423,Понимание принципов тестирования программного обеспечения.,1
424,"Опыт работы с современными инструментами разработки и сборки, такими как Maven, Gradle.",1
425,"Умение работать с RESTful API и различными форматами данных (JSON, XML).",1
426,Знание основ разработки мобильных приложений (Android/iOS).,1
427,"Навыки работы с системами управления проектами, такими как Jira, Trello.",1
428,Умение эффективно решать проблемы и искать альтернативные решения.,1
429,Понимание принципов информационной безопасности и защиты данных.,1
430,"Опыт работы с системами облачных вычислений, такими как AWS, Azure, Google Cloud.",1
431,Знание основ алгоритмов и структур данных.,1
432,Умение работать с архитектурными шаблонами проектирования.,1
433,Понимание принципов функционального программирования.,1
434,Опыт работы с системами автоматической сборки и развертывания (Continuous Integration/Continuous Deployment).,1
435,Знание принципов разработки микросервисных архитектур.,1
436,Умение эффективно документировать код и проектную документацию.,1
437,Понимание основных принципов DevOps и Continuous Delivery.,1
438,Опыт работы с алгоритмами машинного обучения и искусственного интеллекта.,1
439,Знание основных принципов работы сетей и протоколов передачи данных.,1
440,Умение эффективно использовать системы отладки и профилирования кода.,1
441,Понимание принципов распределенных систем и высоконагруженных приложений.,1
442,"Опыт работы с системами контейнеризации, такими как Docker, Kubernetes.",1
443,Знание основных принципов работы с системами Big Data и обработки больших объемов данных.,1
444,Умение эффективно работать с инструментами анализа данных и визуализации результатов.,1
445,Понимание принципов работы сетевых протоколов и сервисов.,1
446,Опыт работы с системами автоматического тестирования и непрерывной интеграции.,1
447,Знание основных принципов архитектуры веб-приложений и RESTful сервисов.,1
448,Умение эффективно применять паттерны проектирования в разработке.,1
449,Понимание принципов работы с распределенными базами данных и NoSQL системами.,1
450,Опыт разработки и поддержки высоконагруженных и масштабируемых систем.,1
451,Знание основных принципов работы с многопоточностью и параллельными вычислениями.,1
452,Умение эффективно работать с алгоритмами шифрования и защиты информации.,1
453,Понимание принципов работы с системами контроля доступа и аутентификации пользователей.,1
454,Опыт работы с системами мониторинга и анализа работы приложений и инфраструктуры.,1
455,Знание основных принципов работы с системами реального времени и асинхронных сервисов.,1
456,Умение эффективно работать с системами кэширования и оптимизации производительности.,1
457,Понимание принципов работы с системами маршрутизации и балансировки нагрузки.,1
458,Умение эффективно работать в условиях многозадачности и соблюдать сроки выполнения задач.,1
459,"Понимание принципов работы с системами управления версиями, такими как SVN, Mercurial.",1
460,Опыт работы с разработкой кросс-платформенных приложений.,1
461,Знание основ функционального тестирования и автоматизации тестов.,1
462,Умение эффективно работать с базами данных и проводить их оптимизацию.,1
463,"Понимание принципов работы с системами хранения данных, такими как Hadoop, Spark.",1
464,"Опыт работы с различными платформами разработки, такими как Android Studio, Xcode.",1
465,"Знание основ работы с системами контроля версий для данных, такими как Git LFS.",1
466,Умение эффективно работать с системами мониторинга и управления серверами.,1
467,Понимание принципов разработки мобильных приложений для различных платформ.,1
468,"Опыт работы с системами управления задачами и проектами, такими как Redmine, Asana.",1
469,"Знание основ работы с системами распределенного хранения данных, такими как Cassandra, MongoDB.",1
470,Умение эффективно анализировать и оптимизировать алгоритмы.,1
471,Понимание принципов работы с системами автоматического тестирования пользовательского интерфейса.,1
472,"Опыт работы с системами управления версиями контента, такими как GitLab, Bitbucket.",1
473,Знание основ работы с системами обработки естественного языка и машинного обучения.,1
474,"Умение эффективно работать с системами управления требованиями, такими как IBM Rational DOORS.",1
475,Понимание принципов работы с системами автоматической генерации документации.,1
476,Опыт работы с системами мониторинга производительности и оптимизации кода.,1
477,Знание основ работы с системами обеспечения безопасности информации.,1
478,Умение эффективно работать с системами анализа и визуализации данных.,1
479,Понимание принципов работы с системами распределенного хранения файлов.,1
480,"Опыт работы с системами управления и контроля конфигураций, такими как Puppet, Chef.",1
481,Знание основ работы с системами документооборота и электронной подписи.,1
482,Умение эффективно работать с системами управления доступом и аутентификации.,1
483,Понимание принципов работы с системами виртуализации и контейнеризации.,1
484,Опыт работы с системами контроля целостности данных и верификации.,1
485,Знание основ работы с системами управления знаниями и коллективной разработки.,1
486,Умение эффективно работать с системами мониторинга и обеспечения доступности.,1
487,Понимание принципов работы с системами автоматизации инфраструктуры.,1
488,Опыт работы с системами управления резервными копиями и восстановлениями данных.,1
489,Знание основ работы с системами управления бизнес-процессами.,1
490,Умение эффективно работать с системами автоматизации развертывания и обновления.,1
491,Понимание принципов работы с системами управления проектами и портфелями.,1
492,Опыт работы с системами обработки и анализа больших данных в реальном времени.,1
493,Знание основ работы с системами управления требованиями к качеству продукта.,1
494,Присоединяйтесь к нашей дружной команде программистов и воплотите свои технические идеи в жизнь.,0
495,"Мы ищем талантливых программистов, готовых к новым вызовам и инновационным проектам.",0
496,"Присоединяйтесь к нам и станьте частью команды, разрабатывающей передовые технологии и решения.",0
497,У вас есть возможность принять участие в создании высокотехнологичных продуктов с нуля.,0
498,"Присоединяйтесь к нам, если вы стремитесь к постоянному профессиональному росту и развитию.",0
499,"Мы приглашаем вас стать частью нашей команды программистов, где ваше мастерство будет оценено и вознаграждено.",0
500,Присоединяйтесь к нам и вместе мы создадим инновационные решения для наших клиентов.,0
501,"Мы ищем пассионарных программистов, готовых к совместной работе над интересными проектами.",0
502,Присоединяйтесь к нашей команде и развивайтесь профессионально в дружной и поддерживающей среде.,0
503,Мы приглашаем вас принять участие в процессе создания высококачественных программных продуктов для наших клиентов.,0
504,"Присоединяйтесь к нашей компании, где ваш талант и креативность будут оценены и вознаграждены.",0
505,"Мы ищем целеустремленных программистов, готовых к постоянному саморазвитию и совершенствованию навыков.",0
506,Присоединяйтесь к нашей команде и воплотите в жизнь инновационные идеи в области программирования.,0
507,Мы гарантируем вам интересные задачи и возможность работать с самыми передовыми технологиями.,0
508,Присоединяйтесь к нашей дружной команде и с нами вы сможете реализовать свой профессиональный потенциал.,0
509,"Мы ищем опытных программистов, готовых к совместной работе над сложными проектами.",0
510,"Присоединяйтесь к нам, если вы готовы к постоянному обучению и освоению новых технологий.",0
511,Мы предлагаем вам возможность работать в команде лучших специалистов в области программирования.,0
512,Присоединяйтесь к нашей компании и развивайтесь в динамичной и инновационной среде.,0
513,"Мы приглашаем вас принять участие в создании продуктов, которые изменят мир к лучшему.",0
514,"Присоединяйтесь к нашей команде и станьте частью проектов, которые определяют будущее индустрии.",0
515,"Мы ищем энергичных программистов, готовых к выполнению сложных и увлекательных задач.",0
516,"Присоединяйтесь к нам и работайте над проектами, которые меняют наш мир к лучшему.",0
517,"Мы приглашаем вас стать частью команды, где ваш труд будет ценен и воспринимается всей серьезностью.",0
518,"Присоединяйтесь к нашей команде и вместе мы создадим новые продукты, которые станут стандартами индустрии.",0
519,"Мы ищем целеустремленных программистов, готовых к выполнению масштабных и интересных проектов.",0
520,Присоединяйтесь к нам и получите возможность работать с передовыми технологиями и методологиями.,0
521,Мы гарантируем вам интересные задачи и профессиональный рост в динамичной и современной компании.,0
522,Присоединяйтесь к нашей команде и вместе мы сделаем программный мир лучше и удобнее для всех.,0
523,"Мы ищем талантливых программистов, готовых к творческому поиску новых решений и идей.",0
524,Чем предстоит заниматься:,1
525,Что ожидаем от кандидата:,1
526,"Дух лидерства, амбиций, авантюризма - то, что мы называем Альфа-ДНК;",1
527,Работа в крупнейшем частном банке с высоким уровнем экспертизы и классной командой;,1
528,Стабильный и прозрачный доход: размер заработной платы обсуждается по итогам собеседования;,1
529,Для желающих работать из офиса - комфортные рабочие места. Для остальных - возможность гибридного формата работы;,1
530,Сервера с Tesla и 1500гб оперативы;,1
531,Понятный и общеизвестный модельный и технологический стек;,1
532,"Коллектив единомышленников (все DS-подразделения Альфы собраны в единый департамент, порог для обмена опытом минимален);",1
533,"Заинтересованность со стороны заказчиков, гарантирующая, что все модели строятся для промышленного применения и будут выведены в ПРОД с ощутимым влиянием на бизнес-процесс;",1
534,"ДМС, корпоративное обучение, коворкинг в Сочи и другие предложения от банка только для сотрудников.",1
535,"Мы, команда центра моделирования интегрированного риск-менеджмента Сбера, занимаемся построением ml-моделей для оценки операционных и esg-рисков. Наши решения оказывают влияние на 100+ млн. розничных и 3+ млн. корпоративных клиентов банка по всей России.",1
536,Работаем преимущественно с табличными и текстовыми данными. В работе используем разнообразные методы от классических ml-моделей до sota-решений.,1
537,Требования,1
538,"АДВ Tech – дивизион, где создаются уникальные технологичные продукты на стыке big data и AI. Эти продукты меняют рекламную индустрию и облегчают работу сотрудников агентств.",1
539,Мы приглашаем тебя на позицию,1
540,Junior Data Scientist.,1
541,Основные задачи:,1
542,Опыт работы в пет-проектах или в коммерческих проектах от полугода до года;,1
543,Владение Python:,1
544,"Опыт работы как минимум с 2 ML библиотеками: Scikit-learn, XGBoost, CatBoost, PyTorch, Spark ML;",1
545,"Знания теории вероятностей и математической статистики; машинного обучения, прогнозного моделирования и методов статистического анализа; алгоритмов и структур данных.",1
546,Опыт работы с Hadoop \ Hive \ Spark;,1
547,"Опыт работы в операционных системах *nix, работа с bash;",1
548,"Опыт работы с Deep Learning, NLP.",1
549,"Работать в команде с высокой экспертизой в прогнозировании AI-алгоритмами (статистические модели, ML алгоритмы, Deep Learning);",1
550,Развивать прод-системы прогнозирования РТО открываемых торговых точек;,1
551,"Заниматься прогнозированием сезонности и прочими задачами, связанными с продажами.",1
552,Опыт в области анализа данных и машинного обучения от 1 года;,1
553,Опыт работы с postgresql;,1
554,Уверенное владение Рython;,1
555,"Опыт работы с библиотеками: pandas, numpy, scikit-learn, xgboost/catboost, tensorflow;",1
556,"Знание мат. статистики, математического анализа;",1
557,"Знание принципа работы основных алгоритмов машинного обучения (классическая регрессия/классификация, деревья);",1
558,Знание алгоритмов и структур данных;,1
559,"Высшее образование в области прикладной математики, информационных систем и т.п.;",1
560,Знание принципов работы с GitLab.,1
561,Опыт проектирования коммерческих приложений.,1
562,Опыт интеграции с внешними API.,1
563,Будет преимуществом опыт интеграции с Bitrix / AmoCRM / ELMA360 или работы с работы с Asterisk / Mango Telekom / UIS.,1
564,"Знание php/laravel, postgres, javascript,CSS, HTML. Не обязательно, но будет плюсом если работали с чем то из: python, nodejs, react, redis, docker.",1
565,Будет преимуществом инженерное образование.,1
566,Отличные коммуникативные навыки и умение работать в команде.,1
567,опыт коммерческой разработки от 3х лет;,1
568,python 3;,1
569,знание баз данных (Postgres);,1
570,работа с git;,1
571,pytest;,1
572,владение Linux;,1
573,"HTML5, CSS3, SASS, Flex CSS",1
574,"Javascript, Typescript",1
575,"React, Redux",1
576,WebSockets,1
577,PWA,1
578,"Хорошее знание и опыт работы HTML, CSS, JavaScript, jQuery",1
579,"Желательно, базовое знание PHP (для настройки лид-форм, API)",1
580,"Замечательно, если есть опыт TypeScript, React",1
581,Опыт работы на схожей позиции от полугода,1
582,"Внимательность, ответственность, усидчивость",1
583,"Открытость, вовлеченность в процесс, ориентация на общий результат и интересы бизнеса",1
584,Опыт работы: опыт коммерческой разработки от 2-3 лет;,1
585,"Уверенное владение HTML, CSS, базовыми концепциями JavaScript, Vue;",1
586,"Базовый опыт кросс-браузерной, адаптивной верстки;",1
587,Базовый опыт работы с Flex;,1
588,Опыт работы с REST API;,1
589,"Соблюдение основных принципов, такие как как DRY, KISS и т.д.;",1
590,Начальные знания Git;,1
591,Умение работать в команде;,1
592,Аккуратность при выполнении и реализации задач;,1
593,Нацеленность на качественный результат.,1
594,"знание ОС Windows, пакета MS Office и прикладного ПО;",1
595,базовые знания платформы 1С 8 или знание одной из конфигураций 1С будет преимуществом;,1
596,"Уверенное знание программных продуктов 1С: Бухгалтерия, ЗиУП, Общепит, Договорчики.",1
597,Опыт программирования на 1С.,1
598,"Знание конфигурации БИТ.ФИНАНС, БП 3.0 (на уровне Специалист).",1
599,"Опыт разработки отчетов на СКД, опыт применения расширений, обновления доработанных типовых конфигураций",1
600,Умение моделировать бизнес-процессов. Умение проводить сбор и анализ требований;,1
601,Наличие сертификатов приветствуется.,1
602,"Настройка и поддержка серверов 1С, настройка обслуживания баз данных SQL.",1
603,"Разработка программных продуктов на платформе 1С,",1
604,"Модификация типовых продуктов 1С,",1
605,"Консультирование клиентов по вопросам учета в программах 1С,",1
606,"Интеграция с внешними системами (напр. веб-сайт клиента, различные сервисы Google, Яндекса и др.);",1
607,–Умение работать с Appsflyer / Применение Python (базово) / Опыт работы в gamedev.,1
608,"–Владение Excel (Google Spreadsheets), SQL, умение работать с raw data (Big Quary, Google Cloud, Clickhouse);",1
609,"–Опыт работы продуктовым аналитиком от 1,5 лет;",1
610,"–Умение анализировать большие объемы данных с использованием инструментов аналитики (например: Google Analytics, AppMetrica, Firebase, Dev2dev);",1
611,–Понимание статистических методов и способность интерпретировать результаты анализа для выявления ключевых тенденций и взаимосвязей;,1
612,–Способность разрабатывать стратегии улучшения игрового опыта и монетизации на основе данных и аналитики.,1
613,Будет большим плюсом:,1
614,Опыт работы на схожей позиции от 2x лет;,1
615,Владение графическими пакетами Adobe;,1
616,Владение Blender 3D или аналогичным пакетом;,1
617,Опыт отрисовки UI-элементов;,1
618,Релевантное портфолио (без портфолио кандидаты не рассматриваются);,1
619,Навыки владения Unity.,1
620,"Создание 3D ассетов (Персонажи, окружение, пропсы, текстурирование, риггинг, анимации);",1
621,"Создание 2D иконок, артов и UI;",1
622,Интеграция созданного контента в Unity;,1
623,"Настройка материалов, света и сцен в Unity.",1
624,Высшее техническое образование или студент последних курсов;,1
625,"Знание SQL, понимание и применение нормальных форм. Понимание XML и json;",1
626,"Опыт курсовых, проектных работ с применением SQL будет плюсом - с удовольствием узнаем о вашем опыте;",1
627,Опыт ООП Java или под мобильные платформы даже учебный будет плюсом;,1
628,"Пройденные курсы по базам данных, python будет плюсом;",1
629,Разработка ETL процессов на стеке Spark+Hadoop;,1
630,Участие в процессе разработки алгоритмов матчинга данных между различными АС и внешними источниками;,1
631,"Формирование дистрибутива под pipeline заказчика, выявление проблем и накат дистрибутива до тестовых стендов;",1
632,"Опыт работы с Docker, k8s, Spark, Yarn;",1
633,бэкграунд или опыт работы в ML;,1
634,знание мат. статистики;,1
635,опыт в Go;,1
636,понимание работы сетевых протоколов;,1
637,опыт работы с рекомендательными системами;,1
638,опыт работы с высоконагруженными системами.,1
639,Коммерческий опыт Python разработки от 2-х лет;,1
640,опыт работы с Big Data в продакшене;,1
641,понимание принципов работы баз данных;,1
642,знание базовой теории computer science.,1
643,Разрабатывать backend сервиса ЕАС: Почтальон,1
644,Разрабатывать и поддерживать unit-тесты,1
645,Проводить review и оптимизацию кода,1
646,Решать архитектурные вопросы,1
647,Разрабатывать и оптимизировать запросы для СУБД MSSQL/Postgres,1
648,Имеет опыт программирования на Python не менее 2 лет,1
649,Работал с FastAPI для создания асинхронных веб-сервисов,1
650,Умеет работать с библиотеками Pydantic для валидации данных и настроек окружения,1
651,Работал с SQLAlchemy для взаимодействия с базами данных через ORM,1
652,Имеет опыт с Microsoft SQL Server или Postgres,1
653,Понимает принципы RESTful API и веб-технологий,1
654,"Знаком с брокерами сообщений, такими как RabbitMQ, Apache Kafka или Redis",1
655,"Применяет принципы SOLID, паттерны проектирования и TDD (Test-Driven Development)",1
656,"Уверенно использует системы контроля версий, например, Git.",1
657,Будет плюсом:,1
658,Опыт разработки и реализации API с использованием GraphQL,1
659,"Знание основных принципов CI/CD и опыт работы с инструментами автоматизации развертывания, такими как Jenkins, GitLab CI или GitHub Actions",1
660,Опыт применения Event Diven Architecture.,1
661,"имеете опыт работы на должностях, связанных с Big Data и ML-инженерией, от трёх лет;",1
662,хорошо знаете Java/Scala и Python (pandas/numpy/scikit-learn/xgboost);,1
663,"уже работали с продуктами стека Big Data (Hadoop, Spark);",1
664,"уже работали с инструментами потоковой обработки данных (Apache Samza или Spark Streaming, Apache Kafka);",1
665,знаете алгоритмы классического машинного обучения и основы математической статистики;,1
666,понимаете принципы работы и подходы к построению рекомендательных систем.,1
667,"имеете представление о современных принципах построения и работы нейронных сетей (Deep Learning, PyTorch/TensorFlow, attention/трансформеры);",1
668,уже настраивали пайплайны машинного обучения от сбора данных до инференса моделей в продакшене;,1
669,"представляете, как работает Apache Airflow, MLFlow, Spark ML, Faiss;",1
670,"умеете прочитать статью, а затем воспроизвести её в коде.",1
671,"Практический опыт написания кода на одном из языков программирования Java, C, C++",1
672,"Желательно знание SAS, SQL",1
673,Опыт работы с Anti-Fraud системами является плюсом,1
674,Опыт реализации и применения моделей машинного обучения в продакшн;,1
675,Понимание основных методов и алгоритмов Machine Learning;,1
676,Знание принципов работы нейросетевых моделей для обработки текста;,1
677,"Опыт в ранжировании, рекомендациях, а также в nlp-задачах будет большим плюсом;",1
678,"Уверенное владение Python (numpy, scipy, pytorch, sklearn), приветствуется знание и опыт с Java;",1
679,Алгоритмическая подготовка: знание основных алгоритмов и структур данных;,1
680,"Желателен опыт работы с различными источниками данных: SQL, Cassandra, Hive, Presto, Kafka, etc.;",1
681,Понимание и опыт работы с A/B-экспериментами;,1
682,Оптимизировать SQL запросы в рамках разрабатываемых прототипов;,1
683,Тестировать ETL и выявлять баги при построении дата-продуктов;,1
684,Опыт работы в роли DE/DA не менее 1 года;,1
685,"Отличное знания SQL (вложенные запросы, оконные функции, регулярные выражения, CTE);",1
686,Как плюс опыт работы с альтернативными хранилищами и инструментами работы с данными (Spark + Hadoop и пр.);,1
687,Знание основных понятий и концепций из области DWH;,1
688,"Знание инструментов DevOps (Git, Nexus, Jenkins, SonarQube), любые IDE;",1
689,"Как плюс опыт работы с языками программирования (Scala, Java, Python).",1
690,Базовое знание Java Core,1
691,Базовое знание Spring Framework/Spring Boot,1
692,Базовое знание SQL (PostgreSQL),1
693,Опыт работы с Kotlin (преимущество),1
694,"Soft-skills: умение предлагать, обсуждать и договариваться, соблюдать договоренности, работать в команде",1
695,разрабатывали распределённые нагруженные системы;,1
696,"хорошо понимаете концепции MapReduce, OLAP и пакетной обработки данных;",1
697,писали промышленный код на С++ или Gо.,1
698,обладаете хорошим навыком промышленной разработки на Python или Java;,1
699,"знаете базовые алгоритмы и структуры данных, области их применения.",1
700,Последние версии Apache Spark и Apache Airflow,1
701,Hadoop 3,1
702,"Docker, Kubernetes",1
703,GitLab для CI/CD,1
704,Создавать Spark ETL pipeline для загрузки данных в HDFS и преобразования данных на HDFS,1
705,"Обсуждать с аналитиками алгоритмы преобразования данных, переводить SQL от аналитиков в Spark API",1
706,Участвовать в code review,1
707,Проектировать и создавать архитектуру проекта и адаптировать ее под новые требования,1
708,"Выстраивать процессы CI/CD, мониторинга, взаимодействовать с командой DevOps",1
709,Заниматься созданием и развертыванием REST-сервисов на базе Spring Kotlin,1
710,"Заниматься развертыванием вспомогательной инфраструктуры (Airflow, Zeppelin, Spark History/Thrift Server) в Kubernetes",1
711,Заниматься созданием Streaming job,1
712,Знания SQL,1
713,Опыт работы с Docker обязателен,1
714,"Понимание жизненного цикла разработки ПО, культуры CI/CD",1
715,"Опыт создания и оптимизации Spark batch jobs, Scala API (PySpark не используется)",1
716,Опыт разработки на Java (kotlin) Spring Service,1
717,"Опыт работы с Airflow, умение создавать DAG'и, состоящие из Task и Sensor",1
718,"Опыт работы с Kubernetes, Helm",1
719,"Опыт работы с Kafka, Nifi, Spark Streaming любые открытые инструменты для Streaming",1
720,Опыт работы с GitLab CI/CD,1
721,Проектирование сбора/визуализации метрик с использованием Prometheus/Grafana,1
722,разрабатывать back- часть ПО на Scala в соответствии ТЗ и поставленной задачей,1
723,"тестировать, налаживать работу созданных программных продуктов на Scala, документировать разработку",1
724,хотите участвовать в крупных проектах и разрабатывать на Scala,1
725,есть официальный опыт промышленной разработки на Scala,1
726,"есть опыт работы с Linux, реляционными СУБД и Git;",1
727,ыт работы от 1 года на аналогичное должности.,1
728,"Знание SQL, понимание XML и json;",1
729,Грамотная устная и письменная речь;,1
730,Опыт работы по agile/scrum;,1
731,"Опыт работы в смежных IT профессиях: тестировщик, разработчик, DevOps-инженер;",1
732,Опыт работы с микросервисной архитектурой ( желательно).,1
733,Понимание принципов и проблем межсистемных интеграций;,1
734,"Понимание swagger, curl.",1
735,MPP СУБД Greenplum/ArenadataDB/Clickhouse,1
736,Apache Kafka,1
737,Apache Spark,1
738,Apache Airflow,1
739,Экосистемой Hadoop,1
740,Механизмами распределенных запросов SQL (Trino/Presto/Hive/Impala),1
741,Базовые знания о хранилищах данных,1
742,"Отличное знание SQL и Python (или Java/Scala).
",1
743,"Понимание баз данных (моделирование данных, хранение данных, оптимизация работы с данными). Понимание распределенных систем хранения данных (S3/HDFS, форматы хранения данных)",1
744,". Понимание распределенных систем хранения данных (S3/HDFS, форматы хранения данных)",1
745,Опыт работы от 1 года программистом/аналитиком,1
746,Знание одного или нескольких языков программирования (Java/Python),1
747,Знание T-SQL для работы в базе данных,1
748,Умение писать макросы excel,1
749,Знания Power Query,1
750,Знания и опыт в построении баз данных,1
751,Опыт организации и связи различных данных,1
752,Опыт в визуализации данных,1
753,Опыт в аналитике данных,1
754,Опыт работы с PowerBI,1
755,Знание языка DAX,1
756,Опыт backend-разработки на Java;,1
757,Уверенное владение Java (8 и выше);,1
758,"Опыт работы с различными подходами и технологиями интеграции приложений (Kafka, REST API, MQ и т.д.);",1
759,"Понимание принципов работы реляционных БД (mysql, postgresql), умение составлять SQL запросы;",1
760,Умение работать в системе GitLab;,1
761,Базовое знание алгоритмов и классических структур данных,1
762,"Навык написания кода на Java, Scala, Kotlin, Python, C++, C или Go",1
763,"SQL: CTE, оконные функции",1
764,"Опыт работы с реляционными СУБД (Oracle, MS/SQL), навыки оптимизации запросов",1
765,"Желателен опыт работы с Hadoop (Spark, Hive, Impala, oozie, HDFS, YARN)",1
766,Навыки программирования на Scala/Java/Python,1
767,Фундаментальные знания принципов построения хранилищ данных,1
768,Участие в интеграционных проектах по развитию DWH (Hadoop) в роли разработчика,1
769,"Разработка и проектирование потоков данных, алгоритмов загрузки и обработки данных в Hadoop",1
770,Написание и оптимизация SQL запросов,1
771,Опыт работы с Power,1
772,"Разрабатывать и поддерживать модели кредитного риска для поточного кредитования малого и среднего бизнеса (PD, LGD, EAD);",0
773,Развивать и поддерживать внутренний фреймворк для разработки моделей;,0
774,Генерировать и применять в моделях новые фичи на основе слабоструктурированных данных из Hadoop;,0
775,Проводить эксперименты с нестандартными для классического скоринга подходами к моделированию;,0
776,Анализировать эффективность новых источников данных и применять их в моделях.,0
777,"Хорошее знание теории вероятностей, математической статистики и методов машинного обучения;",0
778,Навыки написания SQL-запросов;,0
779,"Профильное техническое, математическое образование.",0
780,Базовые знания SQL. Будет плюсом опыт использования pyspark;,0
781,"Понимание статистических подходов и методов (свойства распределений, оценка максимального правдоподобия, проверка гипотез и их правильное использование) и опыт их применения;",0
782,"Знание и опыт применения алгоритмов классического ML, а также понимание их преимуществ, недостатков и ограничений;",0
783,"Знание python и основных библиотек анализа данных (numpy, pandas, scipy, sklearn, xgboost/lightgbm/catboost);",0
784,Знание принципов работы нейронных сетей и опыт использования библиотек для их обучения pytorch/tensorflow/keras. Приоритет - pytorch;,0
785,"Знание методов и алгоритмов NLP, опыт применения BERT.",0
786,Разработка и улучшение модулей инструментов медиапланирования,0
787,Разработка алгоритмов оптимизации (в основном дискретной оптимизации),0
788,Исследование и построение моделей по данным интернет-пользования и рекламным кампаниям,0
789,Разработка веб-скреперов,0
790,Построение дашбордов,0
791,"Отличное знание Python 3.6+, алгоритмов и структур данных",0
792,Навыки манипуляции с данными (pandas),0
793,Использование Git,0
794,Знание статистики,0
795,Понимание классических алгоритмов машинного обучения,0
796,Умение визуализировать данные,0
797,Опыт коммерческой разработки,0
798,Знания медиа статистик,0
799,Общее представление о CI/CD,0
800,Опыт работы с big data,0
801,"Команда Lamoda Tech совершает цифровую революцию в fashion и e-commerce: разрабатывает ML-решения для каталога из сотен тысяч товаров, автоматизирует распределительные центры, по всему СНГ налаживает систему доставки и движение курьеров так, чтобы клиент мог получить заказ в течение выбранных 15 минут.",0
802,"В команду персонализации мы ищем Junior Data Scientist, который будет вовлекаться в задачи по разработке рекомендательных систем и развитию модели рекомендации размера.",0
803,Почему у нас классно:,0
804,"Хорошо выстроенные процессы: квартальное планирование по методологии OKR, двухнедельные спринты, регулярные стендапы и проектные встречи для синхронизации.",0
805,Как мы работаем:,0
806,Пишем на Python 3.6+ и PySpark 3.0;,0
807,"Для ресерча доступны два сервера (80 cores, 650Gb RAM), на которых развернут JupyrerHub и есть доступ к Hadoop-кластеру;",0
808,"Код с логикой ML-пайплайнов упаковываем в Docker и выкатываем, используя CI/CD-инструменты с запуском code style проверок и тестов;",0
809,Используем Airflow для управления ML-пайплайнами и запуском их по расписанию;,0
810,"В командах есть культура code review как для изменений по части продакшен-пайплайнов, так и для ресерч-задач;",0
811,Регулярно проводим командные брейнштормы с целью генерации новых идей по развитию наших data-driven продуктов;,0
812,В компании внедрена культура принятия решений на основании данных и все изменения тестируем через АБ-эксперименты.,0
813,Привет! На связи MagnitTech,0
814,"Команда MagnitTech — это опытная команда IT, которая создает экосистему современных цифровых продуктов Магнит: доставка продуктов, лекарств, инструменты для обеспечения лояльности клиентов, специальные проекты и продукты для внутренних нужд.",0
815,Сейчас наша команда в поиске Data Scientist в сектор моделирования ГИС.,0
816,Задачи:,0
817,Мы предлагаем:,0
818,Возможность реализовать свой опыт и потенциал в масштабных проектах;,0
819,Конкурентоспособную заработную плату (обсуждается индивидуально) + премии;,0
820,"Удаленный формат работы, либо можно посещать офис в Краснодаре и в Москве;",0
821,Оформление в аккредитованную IT-компанию;,0
822,ДМС после испытательного срока со стоматологией;,0
823,"Карту лояльности Магнит дисконт, которая дает широкие возможности получения скидок в компаниях партнеров по различным направлениям;",0
824,"Скидки для сотрудников от PrimeZone: более 6000 выгодных предложений по страхованию, туризму и многим другим направлениям.",0
825,Работа в ДИВЕРГЕНТ - это:,0
826,работа в аккредитованной IT-компании;,0
827,"интересные проекты в разных сферах, которые позволят прокачать свои hard и soft skills;",0
828,гибкий график работы: начало и окончания рабочего дня на твое усмотрение;,0
829,удаленный формат работы;,0
830,атмосфера стартапа и отсутствие бюрократии;,0
831,трудоустройство по ТК РФ.,0
832,Мы ждем твое резюме и будем рады видеть тебя в команде!!!,0
833,разработка backend;,0
834,разработка backend для предоставления данных на front;,0
835,оптимизация работы существующего приложения;,0
836,работа в команде разработчиков;,0
837,"Опыт работы в сфере арбитража трафика (affiliate, cpa marketing)",0
838,Условия:,0
839,Зарплата и KPI по результатам собеседования,0
840,"График 5/2, полный рабочий день",0
841,Испытательный срок 3 месяца,0
842,Удаленная работа,0
843,Теплая атмосфера компании,0
844,Возможность вырасти и попасть в команду разработки внутренних сервисов,0
845,Интересно?,0
846,"После отклика мы пришлем вам короткую анкету с тестовым заданием для заполнения, после этого свяжемся с вами и договоримся о собеседовании.",0
847,В отклике:,0
848,"обязательно укажите, сможете ли вы заполнить анкету",0
849,"кратко сформулируйте, почему нам стоит выбрать именно вас",0
850,Будет плюсом:,0
851,"если к отклику вы сможете прикрепить примеры выполненных работ в виде ссылок (сайты /скриншоты) с указанием, какую часть функционала вы реализовали.",0
852,Мы предлагаем:,0
853,работу в аккредитованной IT компании;,0
854,классный опыт в одной из сильнейших команд по цифровизации медицины в России;,0
855,"соблюдение трудового законодательства, белая заработная плата;",0
856,график работы: 5/2 c 10:00 до 19:00 по Москве;,0
857,формат работы: 100% удаленно на территории РФ;,0
858,конкурентоспособное вознаграждение (уровень обсуждается по результатам собеседования);,0
859,обучение за счет компании и возможность участия в профильных конференциях.,0
860,"Ждём тебя в команде Доктис, чтобы вместе внедрять инновации в медицине!",0
861,Минимальные требования к стажерам:,0
862,Что мы предлагаем:,0
863,"Поддержку и передачу опыта от наставника-куратора,",0
864,"Обучающие курсы, база знаний,",0
865,"Широкие возможности для обучения, профессионального и карьерного роста,",0
866,"Стажировка в комфортном офисе в пешей доступности от м. Лесная,",0
867,"График 5/2, 8-часовой рабочий день + час на обед,",0
868,"Чай, кофе, сладости, массажное кресло в офисе, насыщенная корпоративная жизнь,",0
869,Возможность трудоустройства после прохождения стажировки.,0
870,"Если ты стремишься достигнуть успеха в роли сильного специалиста по внедрению 1С для бизнеса, ждем тебя в нашу команду!",0
871,Наши ожидания:,0
872,Почему именно мы?,0
873,"–Обеспечиваем надежность - Официальное трудоустройство, оплачиваемый отпуск и больничный.",0
874,"–Справедливо оцениваем труд - Высокая заработная плата, которая оговаривается индивидуально и формируется исходя из вашего опыта.",0
875,"–Ценим коллектив - А он у нас исключительно из самых крутых специалистов, которые всегда готовы поделится своим опытом.",0
876,–Открыты к обратной с,0
877,Мы предлагаем:,0
878,Конкурентную заработную плату и бонусную систему;,0
879,Теплую рабочую атмосферу и дружный коллектив;,0
880,"Оплачиваемый отпуск, больничные и Sick days;",0
881,Возможность профессионального роста и корпоративного обучения;,0
882,Полностью удаленную работу.,0
883,Какие навыки необходимы:,0
884,"Опыт работы в команде разработки в роли - QA, PO, PM или RM",0
885,"Понимание цикла разработки программного обеспечения, жизненного цикла продукта и принципов управления",0
886,"Умение проводить декомпозицию задач, определять приоритет и сроки",0
887,Что мы предлагаем:,0
888,Работу в аккредитованной IT-компании;,0
889,Расширенный полис ДМС;,0
890,Доплаты по больничным листам до 30 дней в году;,0
891,Тренажёрный зал и душевые в офисе;,0
892,Компенсацию спорта;,0
893,Компенсацию питания;,0
894,"Подарки и выплаты сотрудникам на значимые даты (первый день в компании, день рождения, свадьба, рождение детей);",0
895,"Комнаты отдыха с настолками, приставками, игровыми автоматами/столами;",0
896,Релакс-зоны с массажными креслами Yamaguchi и топовыми кофемашинами;,0
897,От 500 до 1000 ед. игрового золота на ваш аккаунт в игре ежедневно;,0
898,"Work-life balance: приходим в офис с 9 до 10, уходим с 18 до 19.",0
899,"Lesta Games разрабатывает игровые проекты в различных жанрах, смело экспериментирует с инструментами и технологиями.",0
900,"В офисах компании в Санкт-Петербурге, Минске, Москве и Ташкенте работает более 1800 талантливых профессионалов.",0
901,"Мы делаем игры, которые стали настоящим культурным феноменом: «Мир танков», «Мир кораблей», Tanks Blitz, Royal Quest, а также работаем над новыми перспективными проектами.",0
902,Мы не намерены останавливаться – впереди нас ждут новые вызовы и миллионы игроков.,0
903,Готов вместе создавать будущее игровой индустрии? Добро пожаловать в команду!,0
904,Чем предстоит заниматься:,0
905,"Ставить, контролировать и отслеживать задачи, необходимые для выпуска мажорных и минорных версий игры или сопутствующих сервисов.",0
906,"Координировать работу и коммуникацию по подготовке\выпуску проектов в сотрудничестве с проектными группами, DevOps, QA, менеджерами по контенту и другими отделами",0
907,"Анализировать, координировать и эскалировать решение инцидентов",0
908,Выстраивать технические зависимости релизов,0
909,"Устанавливать требования, график и план релизов",0
910,Способность самостоятельно искать информацию в тематических ресурсах на английском языке для решения возникших проблем;,0
911,"Умение брать на себя ответственность и доводить задачу до конца, не стесняться задавать вопросы куратору;",0
912,Грамотная устная и письменная речь;,0
913,"Стрессоустойчивость и соблюдение субординации – не всегда критично, но заказчики бывают разные;",0
914,Мы предлагаем:,0
915,Работа в ИТ-аккредитованной компании;,0
916,Куратора и программу онбординга;,0
917,"Регулярное обучение и профильные конференции за счёт компании, современное оборудование для работы.",0
918,Гибридный формат работы;,0
919,Гибкий график работы;,0
920,Официальная «белая» зарплата;,0
921,"Оформление с первого рабочего дня, полное соблюдение ТК РФ;",0
922,"Интересные, амбициозные задачи с достижимым результатом;",0
923,"Достаточную свободу действий, инструментарий и необходимые ресурсы.",0
924,"Группа компаний ""ИНФОРСЕР"" – российский системный интегратор, основанный в 1993 году. Мы специализируемся на создании и модернизации автоматизированных систем корпоративного уровня для государственных ведомств и предприятий, с последующим обеспечением процесса их внедрения, сопровождения и технической поддержки.",0
925,"Сейчас мы находимся в поиске начинающего Java-разработчика, для участия в проекте по разработке и поддержанию информационной системы государственного заказчика.",0
926,Чем предстоит заниматься:,0
927,Разработка системы электронного документооборота и её интеграции с сервисами внешних ведомств;,0
928,"Разработка прикладного функционала, автоматизирующего основную деятельность заказчика.",0
929,Стек технологий проекта:,0
930,"Java 6, JavaScript, Oracle, PostgreSQL, IntelliJ IDEA, maven, Teamcity, ActiveMQ, Elasticsearch, GIT.",0
931,"Мы хотим видеть в команде человека, обладающего следующим опытом:",0
932,"Rambler&Co занимает первое место среди медиахолдингов России по объему аудитории цифровых ресурсов — свыше 45,2 млн человек ежемесячно (по данным Mediascope, Cross Web, 2023). В него входит «Лента.ру», «Газета.Ru», Championat.com, портал «Рамблер», «Секрет фирмы» и ряд других медиаактивов. Благодаря различной тематической принадлежности площадок холдинг покрывает почти весь спектр интересов и потребностей различных аудиторий.",0
933,"Мы активно занимаемся созданием технологий и продуктов, основанных на обработке и анализе данных. Вам предстоит принять участие в одном из ключевых продуктов: разработке рекомендательной платформы, которая подбирает для пользователя наиболее интересный контент на всех ресурсах нашего холдинга. Цель этой системы - обеспечить рекомендациями различные площадки Rambler&Co.",0
934,Чем предстоит заниматься:,0
935,"Проектирование, разработка и улучшение Big Data пайплайнов;",0
936,"улучшение dev инфраструктуры, процессов разработки;",0
937,дизайн мониторинга ETL систем.,0
938,"Мы ищем инженера, который будет работать с ETL (в т.ч реалтайм), где из потока событий (клик, просмотр и т.д.) формируются датасеты для обучения ML моделей, считаются ML фичи и готовятся данные для аналитики.",0
939,"О стеке: события берем из Kafka, дальше работаем с ними в Hadoop: Hive, Pyspark, Hdfs - дальше что-то остается в Hive, что-то идет в Clikchouse или в Redis. Пишем в основном на Python. Некоторые компоненты разработаны на Java и Go.",0
940,"Почтатех – ИТ-компания, которая разрабатывает продукты и сервисы для Почты России. Мы помогаем сделать услуги Почты удобными и доступными для миллионов людей. Нам есть чем гордиться и куда расти!",0
941,Присоединяйтесь к команде!,0
942,Обязанности,0
943,Условия:,0
944,Официальное трудоустройство по ТК РФ,0
945,"Работу в офисе, удаленно или в гибридном формате",0
946,Конкурентную зарплату и премию,0
947,Льготную ИТ-ипотеку и другие преимущества для сотрудников аккредитованных ИТ-компаний,0
948,"ДМС со стоматологией, страхование на время выезда за рубеж после трех месяцев работы",0
949,"Корпоративные предложения и скидки у компаний-партнеров: фитнес, ДМС для родственников",0
950,Современный стек и продуктовый подход к разработке,0
951,"Поддержку со стороны внутренних комьюнити: Java, Frontend, iOS, Android, DevOps, Design, QA, .NET, Analytics, Agile, Python, 1C, Solution Architecture, Support, Project management.",0
952,"дноклассники — это крупнейшая развлекательная социальная сеть в России. Недавно у нас было масштабное обновление: теперь ОК — это территория увлечений. Здесь можно найти много классного и качественного контента, посвящённого даже очень редкому хобби.",0
953,"А ещё ОК — это команда, получающая искренние эмоции и удовольствие от бренда, контента и цифровых технологий с 2006 года. Пул задач в ОК шире, чем в большинстве проектов. Это классный драйвер для изучения топовых технологий, подходов и решений в реальных условиях.",0
954,"Мы расширяем нашу ML-команду и ищем эксперта, который будет участвовать в разработке сервисов ленты рекомендаций. Лента — это сервис с десятками миллионов DAU на всех платформах. В нашей ленте есть два типа контента:",0
955,"1. подписной — контент, который пользователи хотят просматривать сами;",0
956,"2. неподписной — контент, который мы с помощью различных моделей машинного обучения (и не только) рекомендуем исходя из предпочтений пользователя. Эти сервисы не только отбирают интересный пользователю контент, но и делают это быстро, в том числе формируя рекомендации на лету, в реальном времени анализируя данные об активности пользователя на сайте.",0
957,Что необходимо знать о нас:,0
958,"анные. Несколько HDFS-кластеров с общим объёмом данных более 200 ПБ, подробная история активности пользователей за несколько лет.",0
959,"Железо. Вычислительный кластер на 200+ TБ RAM, 60K cores, десятки тысяч задач в день.",0
960,"Масштаб влияния на бизнес. Непосредственное влияние на основные метрики бизнеса: DAU, Retention, Timespent, NPS.",0
961,"Уровень развития Data Science в компании. Налажены все основные процессы со сбором признаков, обучением и инференсом моделей, запуском и анализом А/В-экспериментов.",0
962,"Роль ML-инженера. ML-инженер может участвовать во всех этапах жизненного цикла моделей — от идеи до внедрения. В основном, вы будете реализовывать сбор признаков, обучать и конфигурировать модели, принимать решения по результатам А/В-экспериментов, реализовывать инференс моделей в продакшене, сопровождать модель в дальнейшем.",0
963,"Коммуникация внутри команды. Один общекомандный созвон в неделю для синка по задачам. Bi-weekly синки со всей ML-командой, где обсуждают интересные кейсы. Ежемесячные 1-1 с руководителем команды.",0
964,"Prod/Research. По большей части — прод, но иногда бывают задачи, для решения которых необходимо предварительно проводить исследования, читать статьи и реализовывать идеи из них.",0
965,"сложные и интересные задачи: высоконагруженные быстрорастущие сервисы, которые задают уровень для конкурентов качеством и технологиями;",0
966,"команда: с нами работают профессионалы экстра-класса, каждый из которых может поделиться своей экспертизой;",0
967,"профессиональное развитие: прямо в офисе мы организуем митапы, конференции, семинары и тренинги, куда открыт доступ каждому сотруднику, а также регулярно посещаем лучшие мировые конференции;",0
968,"новый опыт: лучшие сотрудники преподают в наших образовательных проектах, выступают на российских и международных конференциях;",0
969,"выбор: удалёнка или комфортный офис с парковкой, душем и зонами отдыха в Санкт-Петербурге или Москве;",0
970,"спорт: компания компенсирует затраты на спортивные активности — занятия в фитнес-клубе, индивидуальные тренировки, участия в соревнованиях;",0
971,"регулярно пересматриваемая зарплата, годовые бонусы, социальный пакет с первого дня (ДМС, английский язык).",0
972,Что предлагаем:,0
973,"График работы: 5/2 (с 9:00 до 18:00) - возможен удаленный формат, обсуждается на собеседовании",0
974,Официальное оформление в соответствии ТК РФ,0
975,Конкурентный уровень дохода: оклад + премии,0
976,Место работы м. Бауманская (пешая доступность),0
977,"Медицинская страховка, страховка для выезжающих за границу",0
978,Доплата к отпуску и больничному листу,0
979,Дополнительные льготы при заключении брака и рождении детей,0
980,Социальная поддержка при сложных жизненных ситуациях,0
981,Льготное кредитование для сотрудников,0
982,Обучение в корпоративном университете Банка,0
983,Корпоративная библиотека,0
984,"Мы ищем data scientist’а с опытом работы в текстовых задачах, рекомендательных или поисковых системах. Если вы хорошо знаете математику, любите копаться в больших массивах данных, находить в них закономерности, и умеете внедрять свои решения в продакшн, то мы будем рады видеть вас в нашей компании.",0
985,"Мы развиваем ML-модели ранжирования поиска и рекомендаций, которые позволяют находить работу людям со всей страны. Наша основная задача состоит в количественном росте продуктовых метрик, таких как кол-во откликов/приглашений, все гипотезы строго проверяются с помощью A/B-экспериментов. Наши решения работают в online режиме под большой нагрузкой на поисковом кластере из 100+ машин. Мы работаем в продуктовых кросс-функциональных (frontend/backend/data science) командах по гибким методологиям.",0
986,Требования,0
987,Обязанности,0
988,Развитие моделей поискового ранжирования и рекомендательных систем;,0
989,"Тюнинг существующих моделей, feature engineering, а также построение новых решений с нуля;",0
990,Прототипирование и доведение своих решений до продакшна на python;,0
991,Полная поддержка своих моделей: от написания запроса для выгрузки обучающей выборки из хранилищ данных до анализа результатов A/B-экспериментов и переключения всех пользователей на новый функционал;,0
992,Условия,0
993,Возможность выбора места работы: удаленно или из офиса;,0
994,Гибкий график рабочего дня;,0
995,"Оформление в соответствии с ТК РФ, «Белая» заработная плата, выплачиваемая точно в срок;",0
996,Корпоративное ДМС с первого месяца работы (решаем вопросы со здоровьем быстро и удобно);,0
997,"Возможность профессионального развития, обучение за счет компании, участие в специализированных конференциях;",0
998,"Задачи, над которыми ты будешь работать:",0
999,Погружение в процессы цифровой агрономической компании.,0
1000,Внедрение современных мобильных приложений на основе прикладных usecase.,0
1001,"Работа с агрономическими ГИС и системами спутниковой навигации, агроскаутингом и системами цифрового земледелия.",0
1002,Условия:,0
1003,"Официальное оформление в соответствии с ТК РФ, полная стабильность",0
1004,Отсутствие бюрократии и плоская организационная структура,0
1005,"Возможность вносить коррективы в процессы, в архитектуру и лояльный бизнес, постоянные коммуникации, возможность на равных обсуждать бизнес-фичи на стадии формирования",0
1006,"Действительно высокий уровень дохода, оклад + годовая премия, полностью ""белый"".",0
1007,"Гибкое начало работы, но 5/2, полный день. Возможен частично-удаленный / удаленный формат работы. Офис- м/мцд Окружная или корп.транспорт 7 минут от м.Петровско-Разумовская. .",0
1008,"Хорошее техническое оснащение, никаких проблем с доступами на удаленной работе",0
1009,Расширенный полис ДМС,0
1010,До 20% скидка на продукцию компании,0
1011,"Мы являемся официальной IT компанией в РФ (льготная ипотека, отсрочка от армии).",0
1012,Индексация дохода,0
1013,"Группа Компаний «Сервис Плюс» - мы аккредитованная, продуктовая компания (штат 500 человек, 30 лет на рынке IT), разрабатываем комплексные IT-решений на базе собственного ПО для ведущих сетей розничной торговли РФ: Х5, Магнит, Ашан, Лента, ОКЕЙ, Мираторг, Черкизово, Дикси, Монетка, Азбука Вкуса и многие другие.",0
1014,Ищем Scala-разработчика Junior+/Middle,0
1015,"Команда: lead + 4 backend +3 frontend +2 tester + DevOps, разработка по методологии Scrum.",0
1016,"Продукт: клиент-серверные решения (микро сервисная архитектура).Система состоит из 200 взаимозаменяемых и дополняемых модулей, которые могут изменяться, не затрагивая основной функционал. Много интеграций с внешними системами и оборудованием.",0
1017,Технологии разработки:,0
1018,"• Play framework, Akka, ZIO, Cats, Sbt, Elasticsearch, Kafka, Mysql (MariaDB), http, ws, Clickhouse, Docker, Jenkins, Git, Jira, Confluence",0
1019,Чем предстоит заниматься:,0
1020,работать в продуктовой команде,0
1021,ДМС для родственников,0
